Unnamed: 0,Name,Platform,Year_of_Release,Variable,Value
16719,Fallout 4,PS4,2015.0,MedianPlaytime,46.0
16720,Fallout 4,XOne,2015.0,MedianPlaytime,46.0
16721,Fallout 4,PC,2015.0,MedianPlaytime,46.0
16722,Spore,PC,2008.0,MedianPlaytime,6.65
16723,Left 4 Dead 2,X360,2009.0,MedianPlaytime,10.5
16724,Left 4 Dead 2,PC,2009.0,MedianPlaytime,10.5
16725,Left 4 Dead,X360,2008.0,MedianPlaytime,7.9
16726,Left 4 Dead,PC,2008.0,MedianPlaytime,7.9
16727,Tomb Raider,PS,1996.0,MedianPlaytime,11.55
16728,Tomb Raider,PC,1996.0,MedianPlaytime,11.55
16729,BioShock Infinite,X360,2013.0,MedianPlaytime,11.9
16730,BioShock Infinite,PS3,2013.0,MedianPlaytime,11.9
16731,BioShock Infinite,PC,2013.0,MedianPlaytime,11.9
16732,Grand Theft Auto IV,X360,2008.0,MedianPlaytime,7.55
16733,Grand Theft Auto IV,PS3,2008.0,MedianPlaytime,7.55
16734,Grand Theft Auto IV,PC,2008.0,MedianPlaytime,7.55
16735,BioShock,X360,2007.0,MedianPlaytime,2.4
16736,BioShock,PS3,2008.0,MedianPlaytime,2.4
16737,BioShock,PC,2007.0,MedianPlaytime,2.4
16738,Ultra Street Fighter IV,PS4,2015.0,MedianPlaytime,4.0
16739,Sid Meier's Civilization V,PC,2010.0,MedianPlaytime,37.0
16740,L.A. Noire,PS3,2011.0,MedianPlaytime,5.65
16741,L.A. Noire,X360,2011.0,MedianPlaytime,5.65
16742,7 Days to Die,PS4,2016.0,MedianPlaytime,11.0
16743,7 Days to Die,XOne,2016.0,MedianPlaytime,11.0
16744,Company of Heroes,PC,2006.0,MedianPlaytime,3.1
16745,Assassin's Creed II,PS3,2009.0,MedianPlaytime,23.0
16746,Assassin's Creed II,X360,2009.0,MedianPlaytime,23.0
16747,Assassin's Creed II,PC,2010.0,MedianPlaytime,23.0
16748,Grand Theft Auto V,PS3,2013.0,MedianPlaytime,49.0
16749,Grand Theft Auto V,X360,2013.0,MedianPlaytime,49.0
16750,Grand Theft Auto V,PS4,2014.0,MedianPlaytime,49.0
16751,Grand Theft Auto V,XOne,2014.0,MedianPlaytime,49.0
16752,Grand Theft Auto V,PC,2015.0,MedianPlaytime,49.0
16753,Far Cry 3,PS3,2012.0,MedianPlaytime,17.8
16754,Far Cry 3,X360,2012.0,MedianPlaytime,17.8
16755,Far Cry 3,PC,2012.0,MedianPlaytime,17.8
16756,Rocket League,PS4,2016.0,MedianPlaytime,18.8
16757,Rocket League,XOne,2016.0,MedianPlaytime,18.8
16758,Rocket League,PC,2016.0,MedianPlaytime,18.8
16759,Far Cry 4,PS4,2014.0,MedianPlaytime,25.0
16760,Far Cry 4,XOne,2014.0,MedianPlaytime,25.0
16761,Far Cry 4,PS3,2014.0,MedianPlaytime,25.0
16762,Far Cry 4,X360,2014.0,MedianPlaytime,25.0
16763,Far Cry 4,PC,2014.0,MedianPlaytime,25.0
16764,Dying Light,PS4,2015.0,MedianPlaytime,23.0
16765,Dying Light,XOne,2015.0,MedianPlaytime,23.0
16766,Dying Light,PC,2015.0,MedianPlaytime,23.0
16767,Just Cause 2,PS3,2010.0,MedianPlaytime,3.5
16768,Just Cause 2,X360,2010.0,MedianPlaytime,3.5
16769,Just Cause 2,PC,2010.0,MedianPlaytime,3.5
16770,Mirror's Edge,X360,2008.0,MedianPlaytime,1.9
16771,Mirror's Edge,PS3,2008.0,MedianPlaytime,1.9
16772,Mirror's Edge,PC,2009.0,MedianPlaytime,1.9
16773,Portal 2,X360,2011.0,MedianPlaytime,10.8
16774,Portal 2,PS3,2011.0,MedianPlaytime,10.8
16775,Portal 2,PC,2011.0,MedianPlaytime,10.8
16776,Tropico 4,X360,,MedianPlaytime,13.600000000000001
16777,Tropico 4,PC,2011.0,MedianPlaytime,13.600000000000001
16778,F.E.A.R.,PS3,2007.0,MedianPlaytime,2.0
16779,F.E.A.R.,X360,2006.0,MedianPlaytime,2.0
16780,Sleeping Dogs,PS3,2012.0,MedianPlaytime,19.6
16781,Sleeping Dogs,X360,2012.0,MedianPlaytime,19.6
16782,Sleeping Dogs,PS4,2014.0,MedianPlaytime,19.6
16783,Sleeping Dogs,XOne,2014.0,MedianPlaytime,19.6
16784,Sleeping Dogs,PC,2012.0,MedianPlaytime,19.6
16785,Saints Row IV,X360,2013.0,MedianPlaytime,13.5
16786,Saints Row IV,PS3,2013.0,MedianPlaytime,13.5
16787,Saints Row IV,PS4,2015.0,MedianPlaytime,13.5
16788,Saints Row IV,XOne,2015.0,MedianPlaytime,13.5
16789,Saints Row IV,PC,2013.0,MedianPlaytime,13.5
16790,Half-Life 2,PC,2004.0,MedianPlaytime,6.6
16791,Half-Life 2,XB,2005.0,MedianPlaytime,6.6
16792,The Talos Principle,PS4,2015.0,MedianPlaytime,7.15
16793,DiRT 3,PS3,2011.0,MedianPlaytime,2.7
16794,DiRT 3,X360,2011.0,MedianPlaytime,2.7
16795,DiRT 3,PC,2011.0,MedianPlaytime,2.7
16796,Metro 2033,X360,2010.0,MedianPlaytime,3.2
16797,Metro 2033,PC,2010.0,MedianPlaytime,3.2
16798,Assassin's Creed III,PS3,2012.0,MedianPlaytime,23.0
16799,Assassin's Creed III,X360,2012.0,MedianPlaytime,23.0
16800,Assassin's Creed III,PC,2012.0,MedianPlaytime,23.0
16801,Assassin's Creed III,WiiU,2012.0,MedianPlaytime,23.0
16802,Sniper Elite 3,PS4,2014.0,MedianPlaytime,6.6
16803,Sniper Elite 3,XOne,2014.0,MedianPlaytime,6.6
16804,Sniper Elite 3,X360,2014.0,MedianPlaytime,6.6
16805,Sniper Elite 3,PS3,2014.0,MedianPlaytime,6.6
16806,Dishonored,X360,2012.0,MedianPlaytime,12.5
16807,Dishonored,PS3,2012.0,MedianPlaytime,12.5
16808,Dishonored,PC,2012.0,MedianPlaytime,12.5
16809,Dishonored,PS4,2015.0,MedianPlaytime,12.5
16810,Dishonored,XOne,2015.0,MedianPlaytime,12.5
16811,Dead Space,PS3,2008.0,MedianPlaytime,1.5
16812,Dead Space,X360,2008.0,MedianPlaytime,1.5
16813,Dead Space,PC,2008.0,MedianPlaytime,1.5
16814,The Binding of Isaac,PC,2012.0,MedianPlaytime,6.1
16815,LEGO The Lord of the Rings,X360,2012.0,MedianPlaytime,3.3499999999999996
16816,LEGO The Lord of the Rings,PS3,2012.0,MedianPlaytime,3.3499999999999996
16817,LEGO The Lord of the Rings,Wii,2012.0,MedianPlaytime,3.3499999999999996
16818,LEGO The Lord of the Rings,3DS,2012.0,MedianPlaytime,3.3499999999999996
16819,LEGO The Lord of the Rings,PSV,2012.0,MedianPlaytime,3.3499999999999996
16820,LEGO The Lord of the Rings,PC,2012.0,MedianPlaytime,3.3499999999999996
16821,LEGO The Lord of the Rings,DS,2012.0,MedianPlaytime,3.3499999999999996
16822,Goat Simulator,XOne,2016.0,MedianPlaytime,2.4
16823,Mass Effect,X360,2007.0,MedianPlaytime,11.5
16824,Mass Effect,PC,2008.0,MedianPlaytime,11.5
16825,DiRT Showdown,X360,2012.0,MedianPlaytime,4.0
16826,DiRT Showdown,PS3,2012.0,MedianPlaytime,4.0
16827,Borderlands 2,X360,2012.0,MedianPlaytime,22.0
16828,Borderlands 2,PS3,2012.0,MedianPlaytime,22.0
16829,Borderlands 2,PC,2012.0,MedianPlaytime,22.0
16830,Borderlands 2,PSV,2014.0,MedianPlaytime,22.0
16831,Trine,PC,2009.0,MedianPlaytime,3.45
16832,Far Cry 2,X360,2008.0,MedianPlaytime,1.7
16833,Far Cry 2,PS3,2008.0,MedianPlaytime,1.7
16834,Far Cry 2,PC,2008.0,MedianPlaytime,1.7
16835,Oil Rush,PC,2012.0,MedianPlaytime,0.6
16836,Psychonauts,XB,2005.0,MedianPlaytime,2.95
16837,Psychonauts,PS2,2005.0,MedianPlaytime,2.95
16838,Dead Island,X360,2011.0,MedianPlaytime,7.6
16839,Dead Island,PS3,2011.0,MedianPlaytime,7.6
16840,Dead Island,PC,2011.0,MedianPlaytime,7.6
16841,GRID 2,PS3,2013.0,MedianPlaytime,10.3
16842,GRID 2,X360,2013.0,MedianPlaytime,10.3
16843,GRID 2,PC,2013.0,MedianPlaytime,10.3
16844,Sonic & All-Stars Racing Transformed,X360,2012.0,MedianPlaytime,2.45
16845,Sonic & All-Stars Racing Transformed,WiiU,2012.0,MedianPlaytime,2.45
16846,Sonic & All-Stars Racing Transformed,PS3,2012.0,MedianPlaytime,2.45
16847,Sonic & All-Stars Racing Transformed,PSV,2012.0,MedianPlaytime,2.45
16848,Sonic & All-Stars Racing Transformed,3DS,2012.0,MedianPlaytime,2.45
16849,Sonic & All-Stars Racing Transformed,PC,2013.0,MedianPlaytime,2.45
16850,Prison Architect,PS4,2016.0,MedianPlaytime,12.5
16851,Prison Architect,XOne,2016.0,MedianPlaytime,12.5
16852,Valkyria Chronicles,PS3,2008.0,MedianPlaytime,5.2
16853,Valkyria Chronicles,PS4,2016.0,MedianPlaytime,5.2
16854,The Crew,PS4,2014.0,MedianPlaytime,23.0
16855,The Crew,XOne,2014.0,MedianPlaytime,23.0
16856,The Crew,X360,2014.0,MedianPlaytime,23.0
16857,The Crew,PC,2014.0,MedianPlaytime,23.0
16858,Sonic Generations,PS3,2011.0,MedianPlaytime,1.95
16859,Sonic Generations,X360,2011.0,MedianPlaytime,1.95
16860,Sonic Generations,3DS,2011.0,MedianPlaytime,1.95
16861,Sonic Generations,PC,2011.0,MedianPlaytime,1.95
16862,Dungeon Defenders,PC,2011.0,MedianPlaytime,7.5
16863,TERA,PC,,MedianPlaytime,5.2
16864,Mafia II,X360,2010.0,MedianPlaytime,16.05
16865,Mafia II,PS3,2010.0,MedianPlaytime,16.05
16866,Mafia II,PC,2010.0,MedianPlaytime,16.05
16867,APB Reloaded,PC,2011.0,MedianPlaytime,3.2
16868,Deadpool,PS3,2013.0,MedianPlaytime,8.2
16869,Deadpool,X360,2013.0,MedianPlaytime,8.2
16870,Deadpool,PS4,2015.0,MedianPlaytime,8.2
16871,Deadpool,XOne,2015.0,MedianPlaytime,8.2
16872,Counter-Strike,XB,2003.0,MedianPlaytime,8.8
16873,Project CARS,PS4,2015.0,MedianPlaytime,9.5
16874,Project CARS,XOne,2015.0,MedianPlaytime,9.5
16875,Project CARS,PC,2015.0,MedianPlaytime,9.5
16876,World of Goo,PC,2008.0,MedianPlaytime,1.0
16877,Machinarium,PC,2009.0,MedianPlaytime,2.05
16878,Braid,PC,2009.0,MedianPlaytime,2.1500000000000004
16879,Botanicula,PC,2012.0,MedianPlaytime,3.25
16880,Terraria,X360,2013.0,MedianPlaytime,20.35
16881,Terraria,PS3,2013.0,MedianPlaytime,20.35
16882,Terraria,PC,2011.0,MedianPlaytime,20.35
16883,Terraria,PSV,2013.0,MedianPlaytime,20.35
16884,Terraria,3DS,2016.0,MedianPlaytime,20.35
16885,Terraria,PS4,2014.0,MedianPlaytime,20.35
16886,Terraria,XOne,2014.0,MedianPlaytime,20.35
16887,Terraria,WiiU,2016.0,MedianPlaytime,20.35
16888,Saints Row 2,X360,2008.0,MedianPlaytime,4.6
16889,Saints Row 2,PS3,2008.0,MedianPlaytime,4.6
16890,Saints Row 2,PC,2009.0,MedianPlaytime,4.6
16891,GRID,PS3,2008.0,MedianPlaytime,3.3499999999999996
16892,GRID,X360,2008.0,MedianPlaytime,3.3499999999999996
16893,GRID,DS,,MedianPlaytime,3.3499999999999996
16894,GRID,PC,,MedianPlaytime,3.3499999999999996
16895,Darksiders,X360,2010.0,MedianPlaytime,5.0
16896,Darksiders,PC,2010.0,MedianPlaytime,5.0
16897,Darksiders,PS3,2010.0,MedianPlaytime,5.0
16898,Worms Reloaded,PC,2010.0,MedianPlaytime,2.4
16899,Alan Wake,X360,2010.0,MedianPlaytime,3.3
16900,Alan Wake,PC,2012.0,MedianPlaytime,3.3
16901,Peggle Nights,PC,2008.0,MedianPlaytime,3.8
16902,Puzzler World 2,DS,2010.0,MedianPlaytime,19.1
16903,Bejeweled 3,DS,,MedianPlaytime,6.199999999999999
16904,Bejeweled 3,PS3,,MedianPlaytime,6.199999999999999
16905,Bejeweled 3,X360,,MedianPlaytime,6.199999999999999
16906,Bejeweled 3,PC,2010.0,MedianPlaytime,6.199999999999999
16907,The Book of Unwritten Tales,PC,2009.0,MedianPlaytime,3.2
16908,The Movies,PC,2005.0,MedianPlaytime,14.5
16909,The Testament of Sherlock Holmes,PS3,2012.0,MedianPlaytime,2.9
16910,The Testament of Sherlock Holmes,PC,2012.0,MedianPlaytime,2.9
16911,The Testament of Sherlock Holmes,X360,2012.0,MedianPlaytime,2.9
16912,Indigo Prophecy,PS2,2005.0,MedianPlaytime,10.1
16913,Indigo Prophecy,XB,2005.0,MedianPlaytime,10.1
16914,Indigo Prophecy,PC,2005.0,MedianPlaytime,10.1
16915,DiRT 2,PS3,2009.0,MedianPlaytime,8.5
16916,DiRT 2,X360,2009.0,MedianPlaytime,8.5
16917,DiRT 2,Wii,2009.0,MedianPlaytime,8.5
16918,DiRT 2,PSP,2009.0,MedianPlaytime,8.5
16919,DiRT 2,DS,2009.0,MedianPlaytime,8.5
16920,DiRT 2,PC,2009.0,MedianPlaytime,8.5
16921,4 Elements,PC,2009.0,MedianPlaytime,10.15
16922,Singularity,X360,,MedianPlaytime,9.55
16923,Singularity,PS3,,MedianPlaytime,9.55
16924,Singularity,PC,2010.0,MedianPlaytime,9.55
16925,CID The Dummy,PSP,2009.0,MedianPlaytime,4.4
16926,CID The Dummy,Wii,2009.0,MedianPlaytime,4.4
16927,The Wolf Among Us,PS4,2014.0,MedianPlaytime,8.4
16928,The Wolf Among Us,PS3,2014.0,MedianPlaytime,8.4
16929,The Wolf Among Us,XOne,2014.0,MedianPlaytime,8.4
16930,The Wolf Among Us,PSV,2014.0,MedianPlaytime,8.4
16931,The Wolf Among Us,X360,2011.0,MedianPlaytime,8.4
16932,State of Decay,XOne,2015.0,MedianPlaytime,3.85
16933,Half-Life,PC,1997.0,MedianPlaytime,1.5
16934,Half-Life,PS2,2001.0,MedianPlaytime,1.5
16935,Trine 2,PC,2011.0,MedianPlaytime,3.4
16936,Trine 2,WiiU,2012.0,MedianPlaytime,3.4
16937,Blur,PS3,2010.0,MedianPlaytime,3.2
16938,Blur,X360,2010.0,MedianPlaytime,3.2
16939,Blur,PC,2010.0,MedianPlaytime,3.2
16940,Magicka,PC,2011.0,MedianPlaytime,6.0
16941,The Longest Journey,PC,1999.0,MedianPlaytime,0.9
16942,Sid Meier's Civilization IV,PC,2005.0,MedianPlaytime,6.1
16943,Euro Truck Simulator 2,PC,2012.0,MedianPlaytime,14.7
16944,Just Cause,X360,2006.0,MedianPlaytime,1.75
16945,Just Cause,PC,2006.0,MedianPlaytime,1.75
16946,Just Cause,PS2,2006.0,MedianPlaytime,1.75
16947,This War of Mine,PS4,2016.0,MedianPlaytime,10.7
16948,Sniper Elite V2,PS3,2012.0,MedianPlaytime,3.2
16949,Sniper Elite V2,X360,2012.0,MedianPlaytime,3.2
16950,Sniper Elite V2,WiiU,2013.0,MedianPlaytime,3.2
16951,Stronghold 3,PC,2011.0,MedianPlaytime,5.550000000000001
16952,Mass Effect 2,X360,2010.0,MedianPlaytime,26.5
16953,Mass Effect 2,PS3,2011.0,MedianPlaytime,26.5
16954,Mass Effect 2,PC,2010.0,MedianPlaytime,26.5
16955,Borderlands,X360,2009.0,MedianPlaytime,13.75
16956,Borderlands,PS3,2009.0,MedianPlaytime,13.75
16957,Borderlands,PC,2009.0,MedianPlaytime,13.75
16958,EVE Online,PC,2003.0,MedianPlaytime,21.0
16959,DC Universe Online,PS3,2011.0,MedianPlaytime,4.3
16960,DC Universe Online,PC,2011.0,MedianPlaytime,4.3
16961,RIFT,PC,2011.0,MedianPlaytime,5.9
16962,Darksiders II,PS3,2012.0,MedianPlaytime,13.5
16963,Darksiders II,X360,2012.0,MedianPlaytime,13.5
16964,Darksiders II,PS4,2015.0,MedianPlaytime,13.5
16965,Darksiders II,PC,2012.0,MedianPlaytime,13.5
16966,Darksiders II,WiiU,2012.0,MedianPlaytime,13.5
16967,Darksiders II,XOne,2015.0,MedianPlaytime,13.5
16968,Anno 2070,PC,2011.0,MedianPlaytime,13.7
16969,Chessmaster,PS2,2003.0,MedianPlaytime,1.8
16970,Chessmaster,XB,2004.0,MedianPlaytime,1.8
16971,Chessmaster,GBA,2002.0,MedianPlaytime,1.8
16972,Might & Magic Heroes VI,PC,2011.0,MedianPlaytime,17.2
16973,Trapped Dead,PC,2011.0,MedianPlaytime,0.95
16974,Torchlight,PC,2009.0,MedianPlaytime,7.4
16975,Titan Quest,PC,2006.0,MedianPlaytime,0.7
16976,Duke Nukem Forever,X360,2011.0,MedianPlaytime,8.8
16977,Duke Nukem Forever,PS3,2011.0,MedianPlaytime,8.8
16978,Duke Nukem Forever,PC,2011.0,MedianPlaytime,8.8
16979,Company of Heroes 2,PC,2013.0,MedianPlaytime,12.8
16980,Battlefield 2,PC,2005.0,MedianPlaytime,1.8
16981,Men of War,PC,2009.0,MedianPlaytime,11.1
16982,Full Spectrum Warrior,XB,2004.0,MedianPlaytime,6.6000000000000005
16983,Full Spectrum Warrior,PS2,2005.0,MedianPlaytime,6.6000000000000005
16984,DiRT Rally,PS4,2016.0,MedianPlaytime,6.8999999999999995
16985,DiRT Rally,XOne,2016.0,MedianPlaytime,6.8999999999999995
16986,DiRT Rally,PC,2016.0,MedianPlaytime,6.8999999999999995
16987,Defiance,X360,2013.0,MedianPlaytime,3.5
16988,Defiance,PS3,2013.0,MedianPlaytime,3.5
16989,Defiance,PC,2013.0,MedianPlaytime,3.5
16990,Tropico 5,PS4,2015.0,MedianPlaytime,16.6
16991,Tropico 5,PC,2014.0,MedianPlaytime,16.6
16992,Tropico 5,X360,2014.0,MedianPlaytime,16.6
16993,Football Manager 2013,PC,2012.0,MedianPlaytime,144.0
16994,Two Worlds II,X360,2011.0,MedianPlaytime,3.6
16995,Two Worlds II,PS3,2011.0,MedianPlaytime,3.6
16996,Two Worlds II,PC,2011.0,MedianPlaytime,3.6
16997,LEGO The Hobbit,PS4,2014.0,MedianPlaytime,7.2
16998,LEGO The Hobbit,PS3,2014.0,MedianPlaytime,7.2
16999,LEGO The Hobbit,X360,2014.0,MedianPlaytime,7.2
17000,LEGO The Hobbit,XOne,2014.0,MedianPlaytime,7.2
17001,LEGO The Hobbit,3DS,2014.0,MedianPlaytime,7.2
17002,LEGO The Hobbit,WiiU,2014.0,MedianPlaytime,7.2
17003,LEGO The Hobbit,PSV,2014.0,MedianPlaytime,7.2
17004,LEGO The Hobbit,PC,2014.0,MedianPlaytime,7.2
17005,LEGO Jurassic World,PS4,2015.0,MedianPlaytime,12.1
17006,LEGO Jurassic World,X360,2015.0,MedianPlaytime,12.1
17007,LEGO Jurassic World,PS3,2015.0,MedianPlaytime,12.1
17008,LEGO Jurassic World,XOne,2015.0,MedianPlaytime,12.1
17009,LEGO Jurassic World,3DS,2015.0,MedianPlaytime,12.1
17010,LEGO Jurassic World,WiiU,2015.0,MedianPlaytime,12.1
17011,LEGO Jurassic World,PSV,2015.0,MedianPlaytime,12.1
17012,LEGO Jurassic World,PC,2015.0,MedianPlaytime,12.1
17013,BioShock 2,X360,2010.0,MedianPlaytime,5.0
17014,BioShock 2,PS3,2010.0,MedianPlaytime,5.0
17015,BioShock 2,PC,,MedianPlaytime,5.0
17016,Homeworld Remastered Collection,PC,,MedianPlaytime,4.75
17017,Dead Space 2,X360,2011.0,MedianPlaytime,6.0
17018,Dead Space 2,PS3,2011.0,MedianPlaytime,6.0
17019,Dead Space 2,PC,2011.0,MedianPlaytime,6.0
17020,Crysis,PC,2007.0,MedianPlaytime,3.3
17021,Prey,X360,2006.0,MedianPlaytime,4.45
17022,Prey,PC,2006.0,MedianPlaytime,4.45
17023,F.E.A.R. 3,PS3,2011.0,MedianPlaytime,4.1
17024,F.E.A.R. 3,X360,2011.0,MedianPlaytime,4.1
17025,F.E.A.R. 3,PC,2011.0,MedianPlaytime,4.1
17026,F.E.A.R. Perseus Mandate,PC,2007.0,MedianPlaytime,4.1
17027,Fable III,X360,2010.0,MedianPlaytime,28.0
17028,Fable III,PC,2011.0,MedianPlaytime,28.0
17029,Football Manager 2011,PC,2010.0,MedianPlaytime,162.0
17030,Stronghold Kingdoms,PC,2011.0,MedianPlaytime,1.1
17031,Enclave,XB,2002.0,MedianPlaytime,1.25
17032,Football Manager 2012,PC,2011.0,MedianPlaytime,247.0
17033,Football Manager 2012,PSP,2011.0,MedianPlaytime,247.0
17034,Football Manager 2015,PC,2014.0,MedianPlaytime,144.0
17035,F1 2012,PS3,2012.0,MedianPlaytime,14.7
17036,F1 2012,X360,2012.0,MedianPlaytime,14.7
17037,F1 2012,PC,2012.0,MedianPlaytime,14.7
17038,Homefront,X360,2011.0,MedianPlaytime,5.4
17039,Homefront,PS3,2011.0,MedianPlaytime,5.4
17040,Homefront,PC,2011.0,MedianPlaytime,5.4
17041,Football Manager 2014,PC,2013.0,MedianPlaytime,181.0
17042,Football Manager 2014,PSV,2013.0,MedianPlaytime,181.0
17043,Football Manager 2016,PC,2015.0,MedianPlaytime,53.0
17044,Test Drive Unlimited 2,X360,,MedianPlaytime,7.8
17045,Test Drive Unlimited 2,PS3,,MedianPlaytime,7.8
17046,Test Drive Unlimited 2,PC,,MedianPlaytime,7.8
17047,Mortal Kombat X,PS4,2015.0,MedianPlaytime,12.75
17048,Mortal Kombat X,XOne,2015.0,MedianPlaytime,12.75
17049,Mortal Kombat X,PC,2015.0,MedianPlaytime,12.75
17050,Max Payne 3,PS3,2012.0,MedianPlaytime,10.6
17051,Max Payne 3,X360,2012.0,MedianPlaytime,10.6
17052,Max Payne 3,PC,2012.0,MedianPlaytime,10.6
17053,Shovel Knight,3DS,2015.0,MedianPlaytime,6.4
17054,Shovel Knight,WiiU,2015.0,MedianPlaytime,6.4
17055,Shovel Knight,PS4,2015.0,MedianPlaytime,6.4
17056,The Last Remnant,X360,2008.0,MedianPlaytime,5.0
17057,The Last Remnant,PC,2009.0,MedianPlaytime,5.0
17058,The Evil Within,PS4,2014.0,MedianPlaytime,4.199999999999999
17059,The Evil Within,PS3,2014.0,MedianPlaytime,4.199999999999999
17060,The Evil Within,XOne,2014.0,MedianPlaytime,4.199999999999999
17061,The Evil Within,X360,2014.0,MedianPlaytime,4.199999999999999
17062,The Evil Within,PC,2014.0,MedianPlaytime,4.199999999999999
17063,Rayman Legends,PS4,2014.0,MedianPlaytime,18.049999999999997
17064,Rayman Legends,WiiU,2013.0,MedianPlaytime,18.049999999999997
17065,Rayman Legends,PS3,2013.0,MedianPlaytime,18.049999999999997
17066,Rayman Legends,X360,2013.0,MedianPlaytime,18.049999999999997
17067,Rayman Legends,XOne,2014.0,MedianPlaytime,18.049999999999997
17068,Rayman Legends,PSV,2014.0,MedianPlaytime,18.049999999999997
17069,Guild Wars,PC,2005.0,MedianPlaytime,6.800000000000001
17070,Evolve,PS4,2015.0,MedianPlaytime,11.8
17071,Evolve,XOne,2015.0,MedianPlaytime,11.8
17072,Evolve,PC,2015.0,MedianPlaytime,11.8
17073,Far Cry,PC,2004.0,MedianPlaytime,1.05
17074,Risen,X360,2009.0,MedianPlaytime,9.5
17075,Risen,PC,2009.0,MedianPlaytime,9.5
17076,FlatOut 2,PS2,2006.0,MedianPlaytime,0.6499999999999999
17077,FlatOut 2,XB,2006.0,MedianPlaytime,0.6499999999999999
17078,Farming Simulator 2011,PC,2010.0,MedianPlaytime,15.8
17079,NBA 2K15,PS4,2014.0,MedianPlaytime,107.0
17080,NBA 2K15,XOne,2014.0,MedianPlaytime,107.0
17081,NBA 2K15,X360,2014.0,MedianPlaytime,107.0
17082,NBA 2K15,PS3,2014.0,MedianPlaytime,107.0
17083,NASCAR '14,X360,2014.0,MedianPlaytime,0.9
17084,NASCAR '14,PS3,2014.0,MedianPlaytime,0.9
17085,Mortal Kombat Kollection,PS2,2008.0,MedianPlaytime,0.5
17086,Legendary,X360,2008.0,MedianPlaytime,0.55
17087,Legendary,PS3,2008.0,MedianPlaytime,0.55
17088,Legendary,PC,2008.0,MedianPlaytime,0.55
17089,Supreme Commander 2,X360,2010.0,MedianPlaytime,19.0
17090,Supreme Commander 2,PC,2010.0,MedianPlaytime,19.0
17091,Supreme Commander,X360,2008.0,MedianPlaytime,5.25
17092,Supreme Commander,PC,2007.0,MedianPlaytime,5.25
17093,Football Manager 2010,PC,2009.0,MedianPlaytime,96.0
17094,The Darkness II,X360,2012.0,MedianPlaytime,4.9
17095,The Darkness II,PS3,2012.0,MedianPlaytime,4.9
17096,The Darkness II,PC,2012.0,MedianPlaytime,4.9
17097,Grand Theft Auto III,PS2,2001.0,MedianPlaytime,1.25
17098,Grand Theft Auto III,PC,2002.0,MedianPlaytime,1.25
17099,Assassin's Creed,X360,2007.0,MedianPlaytime,7.3
17100,Assassin's Creed,PS3,2007.0,MedianPlaytime,7.3
17101,Assassin's Creed,PC,2008.0,MedianPlaytime,7.3
17102,Majesty 2 Collection,PC,2011.0,MedianPlaytime,25.0
17103,Wasteland 2,PS4,2015.0,MedianPlaytime,17.6
17104,Wasteland 2,PC,2015.0,MedianPlaytime,17.6
17105,Wasteland 2,XOne,2015.0,MedianPlaytime,17.6
17106,Gothic 3,PC,2006.0,MedianPlaytime,16.8
17107,Dead Rising 2,X360,2010.0,MedianPlaytime,4.9
17108,Dead Rising 2,PS3,2010.0,MedianPlaytime,4.9
17109,Dead Rising 2,PC,2010.0,MedianPlaytime,4.9
17110,Dead Rising 2,PS4,2016.0,MedianPlaytime,4.9
17111,Dead Rising 2,XOne,2016.0,MedianPlaytime,4.9
17112,Rogue Warrior,PS3,2009.0,MedianPlaytime,1.5
17113,Rogue Warrior,X360,2009.0,MedianPlaytime,1.5
17114,Worms Armageddon,PS,1999.0,MedianPlaytime,1.8
17115,Worms Armageddon,N64,1999.0,MedianPlaytime,1.8
17116,Farming Simulator 2013,PC,2012.0,MedianPlaytime,15.5
17117,Farming Simulator 2013,X360,2013.0,MedianPlaytime,15.5
17118,Farming Simulator 2013,PS3,2013.0,MedianPlaytime,15.5
17119,GRID Autosport,PS3,2014.0,MedianPlaytime,4.7
17120,GRID Autosport,X360,2014.0,MedianPlaytime,4.7
17121,GRID Autosport,PC,2014.0,MedianPlaytime,4.7
17122,Red Faction,PS2,2001.0,MedianPlaytime,1.65
17123,Overlord II,X360,2009.0,MedianPlaytime,2.7
17124,Overlord II,PS3,2009.0,MedianPlaytime,2.7
17125,Overlord II,PC,2009.0,MedianPlaytime,2.7
17126,Overlord,X360,2007.0,MedianPlaytime,4.15
17127,Overlord,PC,2007.0,MedianPlaytime,4.15
17128,Goodbye Deponia,PC,2013.0,MedianPlaytime,3.4
17129,Deponia,PC,2012.0,MedianPlaytime,4.8
17130,Sid Meier's Pirates!,PSP,2007.0,MedianPlaytime,5.3
17131,Sid Meier's Pirates!,Wii,2010.0,MedianPlaytime,5.3
17132,Sid Meier's Pirates!,XB,2005.0,MedianPlaytime,5.3
17133,Dragon's Lair,DS,2010.0,MedianPlaytime,0.44999999999999996
17134,Star Trek Online,PC,2010.0,MedianPlaytime,17.7
17135,Child of Light,PSV,2014.0,MedianPlaytime,7.5
17136,Child of Light,PS4,2014.0,MedianPlaytime,7.5
17137,Hearts of Iron III,PC,2009.0,MedianPlaytime,6.6
17138,Sengoku,PC,2011.0,MedianPlaytime,1.3
17139,Pro Evolution Soccer 2015,PS4,2014.0,MedianPlaytime,115.5
17140,Pro Evolution Soccer 2015,PS3,2014.0,MedianPlaytime,115.5
17141,Pro Evolution Soccer 2015,XOne,2014.0,MedianPlaytime,115.5
17142,Pro Evolution Soccer 2015,X360,2014.0,MedianPlaytime,115.5
17143,Pro Evolution Soccer 2015,PC,2014.0,MedianPlaytime,115.5
17144,Street Fighter IV,PS3,2009.0,MedianPlaytime,8.9
17145,Street Fighter IV,X360,2009.0,MedianPlaytime,8.9
17146,Street Fighter IV,PC,,MedianPlaytime,8.9
17147,Sid Meier's Railroads!,PC,2006.0,MedianPlaytime,3.65
17148,Bejeweled 2 Deluxe,PC,2006.0,MedianPlaytime,0.3
17149,Dead Rising 3,XOne,2013.0,MedianPlaytime,11.5
17150,Just Cause 3,PS4,2015.0,MedianPlaytime,11.4
17151,Just Cause 3,XOne,2015.0,MedianPlaytime,11.4
17152,Just Cause 3,PC,2015.0,MedianPlaytime,11.4
17153,X Rebirth,PC,2013.0,MedianPlaytime,6.6
17154,Way of the Samurai 4,PS3,2011.0,MedianPlaytime,3.7
17155,F1 2014,PS3,2014.0,MedianPlaytime,4.800000000000001
17156,F1 2014,X360,2014.0,MedianPlaytime,4.800000000000001
17157,F1 2014,PC,2014.0,MedianPlaytime,4.800000000000001
17158,Sniper Elite,PS2,2005.0,MedianPlaytime,1.8
17159,Sniper Elite,Wii,2010.0,MedianPlaytime,1.8
17160,Sniper Elite,XB,2005.0,MedianPlaytime,1.8
17161,Sniper Elite,PC,2005.0,MedianPlaytime,1.8
17162,Tom Clancy's EndWar,X360,2008.0,MedianPlaytime,1.2
17163,Tom Clancy's EndWar,PS3,2008.0,MedianPlaytime,1.2
17164,Tom Clancy's EndWar,PSP,2008.0,MedianPlaytime,1.2
17165,Tom Clancy's EndWar,DS,2008.0,MedianPlaytime,1.2
17166,Tom Clancy's EndWar,PC,2009.0,MedianPlaytime,1.2
17167,Fallout 3,X360,2008.0,MedianPlaytime,7.35
17168,Fallout 3,PS3,2008.0,MedianPlaytime,7.35
17169,Fallout 3,PC,2008.0,MedianPlaytime,7.35
17170,Evil Genius,PC,2004.0,MedianPlaytime,13.9
17171,Pillars of Eternity,PC,2014.0,MedianPlaytime,29.0
17172,Tales of Zestiria,PS3,2015.0,MedianPlaytime,28.0
17173,Tales of Zestiria,PS4,2015.0,MedianPlaytime,28.0
17174,Trials Fusion,PS4,2014.0,MedianPlaytime,9.1
17175,Trials Fusion,XOne,2014.0,MedianPlaytime,9.1
17176,Trials Fusion,PC,2014.0,MedianPlaytime,9.1
17177,Bulletstorm,X360,2011.0,MedianPlaytime,3.9
17178,Bulletstorm,PS3,2011.0,MedianPlaytime,3.9
17179,Bulletstorm,PC,2011.0,MedianPlaytime,3.9
17180,NBA 2K16,PS4,2015.0,MedianPlaytime,36.0
17181,NBA 2K16,XOne,2015.0,MedianPlaytime,36.0
17182,NBA 2K16,X360,2015.0,MedianPlaytime,36.0
17183,NBA 2K16,PS3,2015.0,MedianPlaytime,36.0
17184,NBA 2K16,PC,2015.0,MedianPlaytime,36.0
17185,Rocksmith 2014,PS3,2013.0,MedianPlaytime,27.0
17186,Rocksmith 2014,X360,2013.0,MedianPlaytime,27.0
17187,Rocksmith 2014,PC,2013.0,MedianPlaytime,27.0
17188,Rocksmith 2014,PS4,2014.0,MedianPlaytime,27.0
17189,Rocksmith 2014,XOne,2014.0,MedianPlaytime,27.0
17190,Grand Theft Auto,PS,1997.0,MedianPlaytime,0.15000000000000002
17191,Grand Theft Auto,GBA,2004.0,MedianPlaytime,0.15000000000000002
17192,Mini Ninjas,Wii,2009.0,MedianPlaytime,4.5
17193,Mini Ninjas,PS3,2009.0,MedianPlaytime,4.5
17194,Mini Ninjas,DS,2009.0,MedianPlaytime,4.5
17195,Mini Ninjas,X360,2009.0,MedianPlaytime,4.5
17196,Mini Ninjas,PC,2009.0,MedianPlaytime,4.5
17197,Ikaruga,GC,2003.0,MedianPlaytime,1.5999999999999999
17198,WWE 2K15,PS4,2014.0,MedianPlaytime,2.7
17199,WWE 2K15,PS3,2014.0,MedianPlaytime,2.7
17200,WWE 2K15,X360,2014.0,MedianPlaytime,2.7
17201,WWE 2K15,XOne,2014.0,MedianPlaytime,2.7
17202,Dungeon Siege III,PS3,2011.0,MedianPlaytime,2.5
17203,Dungeon Siege III,X360,2011.0,MedianPlaytime,2.5
17204,Dungeon Siege III,PC,2011.0,MedianPlaytime,2.5
17205,15 Days,PC,2009.0,MedianPlaytime,0.5
17206,The Secret World,PC,2012.0,MedianPlaytime,10.8
17207,Alpha Protocol,PS3,2010.0,MedianPlaytime,1.5
17208,Alpha Protocol,X360,2010.0,MedianPlaytime,1.5
17209,Alpha Protocol,PC,2010.0,MedianPlaytime,1.5
17210,Mount & Blade,PC,2008.0,MedianPlaytime,5.7
17211,Syberia,DS,2008.0,MedianPlaytime,3.3
17212,Syberia,XB,2003.0,MedianPlaytime,3.3
17213,Syberia,PC,2002.0,MedianPlaytime,3.3
17214,Winning Post 8 2015,PSV,2015.0,MedianPlaytime,127.0
17215,Winning Post 8 2015,PS3,2015.0,MedianPlaytime,127.0
17216,Zombie Army Trilogy,PS4,2015.0,MedianPlaytime,0.8
17217,Zombie Army Trilogy,XOne,2015.0,MedianPlaytime,0.8
17218,Airline Tycoon 2,PC,2011.0,MedianPlaytime,6.0
17219,Cities XL 2012,PC,2011.0,MedianPlaytime,8.5
17220,Remember Me,PS3,2013.0,MedianPlaytime,5.1
17221,Remember Me,X360,2013.0,MedianPlaytime,5.1
17222,Remember Me,PC,2013.0,MedianPlaytime,5.1
17223,Quake II,PS,1998.0,MedianPlaytime,1.9500000000000002
17224,Quake II,N64,1999.0,MedianPlaytime,1.9500000000000002
17225,Tomb Raider II,PS,1997.0,MedianPlaytime,1.75
17226,Tomb Raider II,PC,1997.0,MedianPlaytime,1.75
17227,X-Blades,X360,2009.0,MedianPlaytime,2.05
17228,X-Blades,PS3,2009.0,MedianPlaytime,2.05
17229,Sacred Gold,PC,2005.0,MedianPlaytime,0.9500000000000001
17230,Call of Duty 2,X360,2005.0,MedianPlaytime,1.6500000000000001
17231,Call of Duty 2,PC,2005.0,MedianPlaytime,1.6500000000000001
17232,F1 2013,PS3,2013.0,MedianPlaytime,6.8
17233,F1 2013,X360,2013.0,MedianPlaytime,6.8
17234,Devil May Cry 4,PS3,2008.0,MedianPlaytime,4.1
17235,Devil May Cry 4,X360,2008.0,MedianPlaytime,4.1
17236,Devil May Cry 4,PS4,2015.0,MedianPlaytime,4.1
17237,Devil May Cry 4,PC,2008.0,MedianPlaytime,4.1
17238,Binary Domain,PS3,2012.0,MedianPlaytime,1.1
17239,Binary Domain,X360,2012.0,MedianPlaytime,1.1
17240,NBA 2K14,X360,2013.0,MedianPlaytime,67.5
17241,NBA 2K14,PS3,2013.0,MedianPlaytime,67.5
17242,NBA 2K14,PS4,2013.0,MedianPlaytime,67.5
17243,NBA 2K14,XOne,2013.0,MedianPlaytime,67.5
17244,Lost Planet 3,PS3,2013.0,MedianPlaytime,4.9
17245,Lost Planet 3,X360,2013.0,MedianPlaytime,4.9
17246,Lost Planet 3,PC,2013.0,MedianPlaytime,4.9
17247,Assetto Corsa,PS4,2016.0,MedianPlaytime,11.25
17248,Assetto Corsa,XOne,2016.0,MedianPlaytime,11.25
17249,Rocksmith,PS3,2011.0,MedianPlaytime,4.0
17250,Rocksmith,X360,2011.0,MedianPlaytime,4.0
17251,Rocksmith,PC,,MedianPlaytime,4.0
17252,Cities in Motion,PC,2011.0,MedianPlaytime,6.1
17253,The Cursed Crusade,PS3,2011.0,MedianPlaytime,0.75
17254,The Cursed Crusade,X360,2011.0,MedianPlaytime,0.75
17255,The Cursed Crusade,PC,2011.0,MedianPlaytime,0.75
17256,Alone in the Dark,X360,2008.0,MedianPlaytime,0.4
17257,Alone in the Dark,Wii,2008.0,MedianPlaytime,0.4
17258,Alone in the Dark,PS2,2008.0,MedianPlaytime,0.4
17259,Alone in the Dark,PC,2008.0,MedianPlaytime,0.4
17260,Lost Planet 2,PS3,2010.0,MedianPlaytime,4.05
17261,Lost Planet 2,X360,2010.0,MedianPlaytime,4.05
17262,Lost Planet 2,PC,2010.0,MedianPlaytime,4.05
17263,Bound By Flame,PS4,2014.0,MedianPlaytime,2.6
17264,Prince of Persia,PS3,2008.0,MedianPlaytime,1.3
17265,Prince of Persia,X360,2008.0,MedianPlaytime,1.3
17266,Killer is Dead,PS3,2013.0,MedianPlaytime,1.25
17267,Killer is Dead,X360,2013.0,MedianPlaytime,1.25
17268,NBA 2K9,X360,2008.0,MedianPlaytime,3.4
17269,NBA 2K9,PS3,2008.0,MedianPlaytime,3.4
17270,NBA 2K9,PS2,2008.0,MedianPlaytime,3.4
17271,World of Zoo,DS,2009.0,MedianPlaytime,1.2
17272,World of Zoo,Wii,2009.0,MedianPlaytime,1.2
17273,World of Zoo,PC,2009.0,MedianPlaytime,1.2
17274,Descent,PS,1996.0,MedianPlaytime,3.2
17275,Sonic CD,SCD,1993.0,MedianPlaytime,1.4
17276,Tom Clancy's Splinter Cell,XB,2002.0,MedianPlaytime,0.5
17277,Tom Clancy's Splinter Cell,PS2,2003.0,MedianPlaytime,0.5
17278,Tom Clancy's Splinter Cell,GC,2003.0,MedianPlaytime,0.5
17279,Tom Clancy's Splinter Cell,GBA,2003.0,MedianPlaytime,0.5
17280,Take On Helicopters,PC,2011.0,MedianPlaytime,2.0
17281,Railroad Tycoon 3,PC,2003.0,MedianPlaytime,1.0
17282,DarkStar One,PC,2006.0,MedianPlaytime,14.1
17283,Rayman Origins,PS3,2011.0,MedianPlaytime,10.399999999999999
17284,Rayman Origins,X360,2011.0,MedianPlaytime,10.399999999999999
17285,Rayman Origins,Wii,2011.0,MedianPlaytime,10.399999999999999
17286,Rayman Origins,PSV,2012.0,MedianPlaytime,10.399999999999999
17287,Rayman Origins,3DS,2012.0,MedianPlaytime,10.399999999999999
17288,Rayman Origins,PC,2012.0,MedianPlaytime,10.399999999999999
17289,Order of War,PC,2009.0,MedianPlaytime,1.5
17290,War for the Overworld,PC,2015.0,MedianPlaytime,11.2
17291,Assassin's Creed Syndicate,PS4,2015.0,MedianPlaytime,35.0
17292,Assassin's Creed Syndicate,XOne,2015.0,MedianPlaytime,35.0
17293,Assassin's Creed Syndicate,PC,2015.0,MedianPlaytime,35.0
17294,The Bard's Tale,PS2,2004.0,MedianPlaytime,1.4
17295,The Bard's Tale,XB,2004.0,MedianPlaytime,1.4
17296,Demigod,PC,2009.0,MedianPlaytime,2.2
17297,F1 2010,PS3,2010.0,MedianPlaytime,19.3
17298,F1 2010,X360,2010.0,MedianPlaytime,19.3
17299,F1 2010,PC,2010.0,MedianPlaytime,19.3
17300,Mechanic Escape,PS3,2012.0,MedianPlaytime,1.75
17301,The Inner World,PC,2013.0,MedianPlaytime,1.3
17302,Age of Empires Online,PC,2011.0,MedianPlaytime,88.5
17303,Act of Aggression,PC,2015.0,MedianPlaytime,3.25
17304,Port Royale 3,PS3,,MedianPlaytime,5.2
17305,Port Royale 3,X360,,MedianPlaytime,5.2
17306,F1 2015,PS4,2015.0,MedianPlaytime,10.85
17307,F1 2015,XOne,2015.0,MedianPlaytime,10.85
17308,F1 2015,PC,2015.0,MedianPlaytime,10.85
17309,Stronghold Legends,PC,2006.0,MedianPlaytime,0.7
17310,Dragon Age II,X360,2011.0,MedianPlaytime,70.0
17311,Dragon Age II,PS3,2011.0,MedianPlaytime,70.0
17312,Dragon Age II,PC,2011.0,MedianPlaytime,70.0
17313,F1 2011,PS3,2011.0,MedianPlaytime,10.1
17314,F1 2011,X360,2011.0,MedianPlaytime,10.1
17315,F1 2011,PC,2011.0,MedianPlaytime,10.1
17316,F1 2011,3DS,2011.0,MedianPlaytime,10.1
17317,F1 2011,PSV,2011.0,MedianPlaytime,10.1
17318,Quake 4,X360,2005.0,MedianPlaytime,0.2
17319,Quake 4,PC,2005.0,MedianPlaytime,0.2
17320,Sacred 3,PS3,2014.0,MedianPlaytime,4.95
17321,Sacred 3,X360,2014.0,MedianPlaytime,4.95
17322,Sacred 3,PC,2014.0,MedianPlaytime,4.95
17323,Front Mission Evolved,PS3,2010.0,MedianPlaytime,5.8
17324,Front Mission Evolved,X360,2010.0,MedianPlaytime,5.8
17325,Front Mission Evolved,PC,2010.0,MedianPlaytime,5.8
17326,Quake,N64,1998.0,MedianPlaytime,2.3499999999999996
17327,DiRT,PS3,2007.0,MedianPlaytime,4.0
17328,DiRT,X360,2007.0,MedianPlaytime,4.0
17329,DiRT,PC,2007.0,MedianPlaytime,4.0
17330,Fairy Fencer F,PS3,2013.0,MedianPlaytime,28.0
17331,Rugby League Team Manager 2015,PC,2015.0,MedianPlaytime,10.25
17332,MLB Front Office Manager,PS3,2009.0,MedianPlaytime,5.6
17333,MLB Front Office Manager,X360,2009.0,MedianPlaytime,5.6
17334,Guilty Gear X2 #Reload,XB,2004.0,MedianPlaytime,0.55
17335,Euro Truck Simulator,PC,2008.0,MedianPlaytime,0.44999999999999996
17336,Pro Evolution Soccer 2016,PS4,2015.0,MedianPlaytime,50.0
17337,Pro Evolution Soccer 2016,PS3,2015.0,MedianPlaytime,50.0
17338,Pro Evolution Soccer 2016,XOne,2015.0,MedianPlaytime,50.0
17339,Pro Evolution Soccer 2016,X360,2015.0,MedianPlaytime,50.0
17340,Pro Evolution Soccer 2016,PC,2015.0,MedianPlaytime,50.0
17341,Emergency 2012,PC,2010.0,MedianPlaytime,46.0
17342,Emergency 2012,DS,2010.0,MedianPlaytime,46.0
17343,Cities XL 2011,PC,2010.0,MedianPlaytime,6.5
17344,Terminator Salvation,PS3,2009.0,MedianPlaytime,3.7
17345,Terminator Salvation,X360,2009.0,MedianPlaytime,3.7
17346,World in Conflict,PC,2007.0,MedianPlaytime,0.55
17347,Unreal Tournament 2004,PC,2004.0,MedianPlaytime,2.0
17348,Max Payne,PS2,2001.0,MedianPlaytime,1.15
17349,Max Payne,XB,2001.0,MedianPlaytime,1.15
17350,Max Payne,GBA,2003.0,MedianPlaytime,1.15
17351,Max Payne,PC,2001.0,MedianPlaytime,1.15
17352,Platypus,PSP,2006.0,MedianPlaytime,3.0500000000000003
17353,Knights of Honor,PC,2004.0,MedianPlaytime,20.55
17354,Virtua Tennis 4,PS3,2011.0,MedianPlaytime,2.5
17355,Virtua Tennis 4,X360,2011.0,MedianPlaytime,2.5
17356,Virtua Tennis 4,Wii,2011.0,MedianPlaytime,2.5
17357,Virtua Tennis 4,PC,2011.0,MedianPlaytime,2.5
17358,NBA 2K13,X360,2012.0,MedianPlaytime,59.0
17359,NBA 2K13,PS3,2012.0,MedianPlaytime,59.0
17360,NBA 2K13,Wii,2012.0,MedianPlaytime,59.0
17361,NBA 2K13,WiiU,2012.0,MedianPlaytime,59.0
17362,NBA 2K13,PC,2012.0,MedianPlaytime,59.0
17363,F1 Race Stars,PS3,2012.0,MedianPlaytime,4.0
17364,F1 Race Stars,X360,2012.0,MedianPlaytime,4.0
17365,F1 Race Stars,PC,2012.0,MedianPlaytime,4.0
17366,Darkspore,PC,2011.0,MedianPlaytime,18.450000000000003
17367,Silent Hunter III,PC,2005.0,MedianPlaytime,2.7
17368,Grand Theft Auto 2,PS,1998.0,MedianPlaytime,0.2
17369,Mafia,PS2,2004.0,MedianPlaytime,7.6
17370,Mafia,XB,2004.0,MedianPlaytime,7.6
17371,Mafia,PC,2002.0,MedianPlaytime,7.6
17372,Blades of Time,X360,2012.0,MedianPlaytime,2.25
17373,Blades of Time,PS3,2012.0,MedianPlaytime,2.25
17374,The 7th Guest,PC,1992.0,MedianPlaytime,0.25
17375,Dungeons 2,PS4,2016.0,MedianPlaytime,14.0
17376,Hotel Giant 2,PC,2008.0,MedianPlaytime,44.0
17377,East India Company,PC,2009.0,MedianPlaytime,50.0
17378,Crysis 2,X360,2011.0,MedianPlaytime,18.0
17379,Crysis 2,PS3,2011.0,MedianPlaytime,18.0
17380,Crysis 2,PC,2011.0,MedianPlaytime,18.0
17381,Contrast,PC,2013.0,MedianPlaytime,4.1
17382,TimeShift,X360,2007.0,MedianPlaytime,2.9
17383,TimeShift,PS3,2007.0,MedianPlaytime,2.9
17384,TimeShift,PC,2007.0,MedianPlaytime,2.9
17385,Tomb Raider Chronicles,PS,1999.0,MedianPlaytime,1.7
17386,MDK,PS,1997.0,MedianPlaytime,1.1
17387,The Void,PC,2008.0,MedianPlaytime,0.6
17388,Arx Fatalis,XB,2003.0,MedianPlaytime,0.8
17389,Dark Void,PS3,2010.0,MedianPlaytime,0.4
17390,Dark Void,X360,2010.0,MedianPlaytime,0.4
17391,Dark Void,PC,2010.0,MedianPlaytime,0.4
17392,Ship Simulator Extremes,PC,2010.0,MedianPlaytime,1.9
17393,Lost Horizon,PC,2010.0,MedianPlaytime,25.0
17394,The Next BIG Thing,PC,2011.0,MedianPlaytime,1.35
17395,Enemy Front,PS3,2014.0,MedianPlaytime,8.1
17396,Enemy Front,X360,2014.0,MedianPlaytime,8.1
17397,Street Fighter X Tekken,PS3,2012.0,MedianPlaytime,4.0
17398,Street Fighter X Tekken,X360,2012.0,MedianPlaytime,4.0
17399,Street Fighter X Tekken,PSV,2012.0,MedianPlaytime,4.0
17400,Street Fighter X Tekken,PC,2012.0,MedianPlaytime,4.0
17401,Wolfenstein 3D,GBA,2002.0,MedianPlaytime,0.3
17402,FlatOut,PS2,2004.0,MedianPlaytime,0.6
17403,FlatOut,XB,2004.0,MedianPlaytime,0.6
17404,Stormrise,PS3,2009.0,MedianPlaytime,0.35
17405,Stormrise,X360,2009.0,MedianPlaytime,0.35
17406,Stormrise,PC,2009.0,MedianPlaytime,0.35
17407,Anno 2205,PC,2015.0,MedianPlaytime,22.0
17408,Hospital Tycoon,PC,2007.0,MedianPlaytime,1.4
17409,Crazy Taxi,PS2,2001.0,MedianPlaytime,0.6
17410,Crazy Taxi,DC,2000.0,MedianPlaytime,0.6
17411,Crazy Taxi,GC,2001.0,MedianPlaytime,0.6
17412,Section 8,X360,2009.0,MedianPlaytime,2.1
17413,Section 8,PC,2009.0,MedianPlaytime,2.1
17414,The Golf Club,PS4,2014.0,MedianPlaytime,10.45
17415,The Golf Club,XOne,2014.0,MedianPlaytime,10.45
17416,Dollar Dash,PS2,2005.0,MedianPlaytime,1.0
17417,Shadow Man,N64,1999.0,MedianPlaytime,0.3
17418,Shadow Man,PS,1998.0,MedianPlaytime,0.3
17419,Stubbs the Zombie in Rebel Without a Pulse,XB,2005.0,MedianPlaytime,2.5500000000000003
17420,Red Faction II,PS2,2002.0,MedianPlaytime,2.7
17421,Red Faction II,XB,2003.0,MedianPlaytime,2.7
17422,Red Faction II,GC,2003.0,MedianPlaytime,2.7
17423,Beyond Good & Evil,PS2,2003.0,MedianPlaytime,1.0
17424,Beyond Good & Evil,XB,2003.0,MedianPlaytime,1.0
17425,Beyond Good & Evil,GC,2003.0,MedianPlaytime,1.0
17426,Guild Wars Trilogy,PC,2005.0,MedianPlaytime,9.9
17427,Puzzle Chronicles,PSP,2010.0,MedianPlaytime,0.9
17428,Velvet Assassin,X360,2009.0,MedianPlaytime,0.75
17429,The Night of the Rabbit,PC,2013.0,MedianPlaytime,8.4
17430,Gun Metal,XB,2002.0,MedianPlaytime,4.45
17431,Lara Croft and the Temple of Osiris,PS4,2014.0,MedianPlaytime,2.7
17432,Lara Croft and the Temple of Osiris,PC,2014.0,MedianPlaytime,2.7
17433,MX vs. ATV Reflex,PS3,2009.0,MedianPlaytime,0.7
17434,MX vs. ATV Reflex,X360,2009.0,MedianPlaytime,0.7
17435,MX vs. ATV Reflex,PSP,2009.0,MedianPlaytime,0.7
17436,MX vs. ATV Reflex,DS,2009.0,MedianPlaytime,0.7
17437,Praetorians,PC,2003.0,MedianPlaytime,0.15000000000000002
17438,GTR Evolution,PC,2008.0,MedianPlaytime,6.6
17439,Clockwork Empires,PC,,MedianPlaytime,8.5
17440,Shantae and the Pirate's Curse,3DS,2015.0,MedianPlaytime,6.0
17441,Damnation,PS3,2009.0,MedianPlaytime,0.2
17442,Damnation,X360,2009.0,MedianPlaytime,0.2
17443,MX vs. ATV Supercross Encore,PS4,2015.0,MedianPlaytime,3.9
17444,MX vs. ATV Supercross Encore,XOne,2015.0,MedianPlaytime,3.9
17445,Elven Legacy,PC,2009.0,MedianPlaytime,10.8
17446,Worms,PS3,2009.0,MedianPlaytime,0.5
17447,Worms,X360,2007.0,MedianPlaytime,0.5
17448,Obscure,PS2,2004.0,MedianPlaytime,7.9
17449,Obscure,XB,2004.0,MedianPlaytime,7.9
17450,Haunted House,Wii,2010.0,MedianPlaytime,0.2
17451,Republique,PS4,2016.0,MedianPlaytime,3.65
17452,Still Life,XB,2005.0,MedianPlaytime,0.4
17453,Crazy Machines,DS,2008.0,MedianPlaytime,1.5
17454,Crazy Machines,Wii,2010.0,MedianPlaytime,1.5
17455,Impossible Creatures,PC,2002.0,MedianPlaytime,1.2
17456,Monopoly,PC,1994.0,MedianPlaytime,4.95
17457,Monopoly,Wii,2008.0,MedianPlaytime,4.95
17458,Monopoly,PS,1997.0,MedianPlaytime,4.95
17459,Monopoly,X360,2008.0,MedianPlaytime,4.95
17460,Monopoly,PS2,2008.0,MedianPlaytime,4.95
17461,Monopoly,PS3,2008.0,MedianPlaytime,4.95
17462,Monopoly,DS,2010.0,MedianPlaytime,4.95
17463,Monopoly,N64,1999.0,MedianPlaytime,4.95
17464,Split/Second,PS3,2010.0,MedianPlaytime,3.95
17465,Split/Second,X360,2010.0,MedianPlaytime,3.95
17466,Split/Second,PSP,2010.0,MedianPlaytime,3.95
17467,Split/Second,PC,2010.0,MedianPlaytime,3.95
17468,RollerCoaster Tycoon,XB,2003.0,MedianPlaytime,1.4
17469,RollerCoaster Tycoon,PC,,MedianPlaytime,1.4
17470,Dawn of Discovery,PC,2009.0,MedianPlaytime,9.100000000000001
17471,Dawn of Discovery,Wii,2009.0,MedianPlaytime,9.100000000000001
17472,Dawn of Discovery,DS,2009.0,MedianPlaytime,9.100000000000001
17473,Ski Region Simulator,PC,2011.0,MedianPlaytime,5.699999999999999
17474,Call of Juarez,X360,2007.0,MedianPlaytime,6.0
17475,Call of Juarez,PC,2006.0,MedianPlaytime,6.0
17476,Gray Matter,PC,2011.0,MedianPlaytime,12.6
17477,Gray Matter,X360,2011.0,MedianPlaytime,12.6
17478,The Book of Unwritten Tales 2,PS4,2015.0,MedianPlaytime,13.5
17479,The Book of Unwritten Tales 2,WiiU,2016.0,MedianPlaytime,13.5
17480,Clive Barker's Jericho,X360,2007.0,MedianPlaytime,7.949999999999999
17481,Clive Barker's Jericho,PS3,2007.0,MedianPlaytime,7.949999999999999
17482,Clive Barker's Jericho,PC,2007.0,MedianPlaytime,7.949999999999999
17483,Post Mortem,PC,2003.0,MedianPlaytime,2.1
17484,Ford Racing 3,PS2,2004.0,MedianPlaytime,0.5
17485,Ford Racing 3,DS,2005.0,MedianPlaytime,0.5
17486,Ford Racing 3,XB,2004.0,MedianPlaytime,0.5
17487,Ford Racing 3,GBA,2005.0,MedianPlaytime,0.5
17488,Shattered Union,XB,2005.0,MedianPlaytime,116.0
17489,Port Royale 2,PC,2004.0,MedianPlaytime,43.95
17490,Blitzkrieg 2 Anthology,PC,2008.0,MedianPlaytime,1.1
17491,Rogue Trooper,PS2,2006.0,MedianPlaytime,5.3
17492,Rogue Trooper,XB,2006.0,MedianPlaytime,5.3
17493,Tom Clancy's Ghost Recon Advanced Warfighter,X360,2006.0,MedianPlaytime,18.6
17494,Tom Clancy's Ghost Recon Advanced Warfighter,XB,2006.0,MedianPlaytime,18.6
17495,Colin McRae Rally,PS,1998.0,MedianPlaytime,3.3000000000000003
17496,Guilty Gear Isuka,PS2,2004.0,MedianPlaytime,1.6
17497,The Club,X360,2008.0,MedianPlaytime,1.3
17498,The Club,PS3,2008.0,MedianPlaytime,1.3
17499,Azure Striker Gunvolt,3DS,2016.0,MedianPlaytime,5.5
17500,Midnight Club II,PS2,2003.0,MedianPlaytime,8.1
17501,Midnight Club II,XB,2003.0,MedianPlaytime,8.1
17502,Pro Evolution Soccer 2014,PS3,2013.0,MedianPlaytime,28.0
17503,Pro Evolution Soccer 2014,X360,2013.0,MedianPlaytime,28.0
17504,Pro Evolution Soccer 2014,3DS,2013.0,MedianPlaytime,28.0
17505,Pro Evolution Soccer 2014,PSP,2013.0,MedianPlaytime,28.0
17506,Pro Evolution Soccer 2014,PC,2013.0,MedianPlaytime,28.0
17507,Darkstone,PS,2001.0,MedianPlaytime,18.6
17508,Puzzle Quest 2,DS,2010.0,MedianPlaytime,1.4
17509,Don Bradman Cricket 14,PS4,2015.0,MedianPlaytime,89.0
17510,Don Bradman Cricket 14,XOne,2015.0,MedianPlaytime,89.0
17511,Don Bradman Cricket 14,PS3,2014.0,MedianPlaytime,89.0
17512,Wolfenstein,PS3,2009.0,MedianPlaytime,26.0
17513,Wolfenstein,X360,2009.0,MedianPlaytime,26.0
17514,Wolfenstein,PC,2009.0,MedianPlaytime,26.0
17515,Mega Man Legacy Collection,3DS,2016.0,MedianPlaytime,6.4
17516,Mega Man Legacy Collection,PS4,2016.0,MedianPlaytime,6.4
17517,BloodRayne 2,PS2,2004.0,MedianPlaytime,2.9
17518,BloodRayne 2,XB,2004.0,MedianPlaytime,2.9
17519,The Whispered World,PC,2009.0,MedianPlaytime,1.6
17520,NBA 2K11,X360,2010.0,MedianPlaytime,0.2
17521,NBA 2K11,PS3,2010.0,MedianPlaytime,0.2
17522,NBA 2K11,Wii,2010.0,MedianPlaytime,0.2
17523,NBA 2K11,PSP,2010.0,MedianPlaytime,0.2
17524,NBA 2K11,PS2,2010.0,MedianPlaytime,0.2
17525,NBA 2K11,PC,2010.0,MedianPlaytime,0.2
17526,Wildlife Park 3,PC,2011.0,MedianPlaytime,2.8
17527,NBA 2K12,X360,2011.0,MedianPlaytime,91.25
17528,NBA 2K12,PS3,2011.0,MedianPlaytime,91.25
17529,NBA 2K12,Wii,2011.0,MedianPlaytime,91.25
17530,NBA 2K12,PSP,2011.0,MedianPlaytime,91.25
17531,NBA 2K12,PC,2011.0,MedianPlaytime,91.25
17532,Tom Clancy's Ghost Recon,PS2,2002.0,MedianPlaytime,0.25
17533,Tom Clancy's Ghost Recon,XB,2002.0,MedianPlaytime,0.25
17534,Tom Clancy's Ghost Recon,GC,2003.0,MedianPlaytime,0.25
17535,Tom Clancy's Ghost Recon,Wii,2010.0,MedianPlaytime,0.25
17536,Pro Evolution Soccer 2013,PS3,2012.0,MedianPlaytime,5.6
17537,Pro Evolution Soccer 2013,X360,2012.0,MedianPlaytime,5.6
17538,Pro Evolution Soccer 2013,PSP,2012.0,MedianPlaytime,5.6
17539,Pro Evolution Soccer 2013,3DS,2012.0,MedianPlaytime,5.6
17540,Pro Evolution Soccer 2013,Wii,2012.0,MedianPlaytime,5.6
17541,Pro Evolution Soccer 2013,PC,2012.0,MedianPlaytime,5.6
17542,Breach,PC,2011.0,MedianPlaytime,3.1
17543,Dream Pinball 3D,Wii,2008.0,MedianPlaytime,0.4
17544,Dream Pinball 3D,DS,2008.0,MedianPlaytime,0.4
17545,Bionic Commando,PS3,2009.0,MedianPlaytime,1.2
17546,Bionic Commando,X360,2009.0,MedianPlaytime,1.2
17547,Championship Manager 2010,PC,2009.0,MedianPlaytime,10.7
17548,Tom Clancy's Ghost Recon Advanced Warfighter 2,PS3,2007.0,MedianPlaytime,0.3
17549,Tom Clancy's Ghost Recon Advanced Warfighter 2,X360,2007.0,MedianPlaytime,0.3
17550,Tom Clancy's Ghost Recon Advanced Warfighter 2,PSP,2007.0,MedianPlaytime,0.3
17551,Imperial Glory,PC,2005.0,MedianPlaytime,170.0
17552,Jack Keane,PC,2008.0,MedianPlaytime,2.2
17553,BloodRayne,PS2,2002.0,MedianPlaytime,6.6
17554,BloodRayne,XB,2002.0,MedianPlaytime,6.6
17555,BloodRayne,GC,2002.0,MedianPlaytime,6.6
17556,Worldwide Soccer Manager 2009,PC,2008.0,MedianPlaytime,295.0
